663343;10.630.157-3;Abierto;Crimen organizado ;12
219400;10.630.157-3;Abierto;Crimen organizado;12
191806;16.174.924-9;Abierto;Delitos económicos ;9
472227;15.331.571-K;Abierto;Responsabilidad penal adolescente ;3
147100;15.331.571-K;Abierto;Responsabilidad penal adolescente ;3
834715;16.859.362-7;Abierto;Delitos violentos;12
927378;16.859.362-7;Abierto;Delitos violentos;12
395654;16.859.362-7;Abierto;Delitos violentos;12
963407;13.595.304-0;Abierto;Delitos económicos ;26
132324;15.375.355-5;Abierto;Violencia intrafamiliar ;17
857700;15.375.355-5;Abierto;Violencia intrafamiliar ;17
110377;17.527.259-3;Abierto;Tráfico de drogas ;16
455027;17.527.259-3;Abierto;Tráfico de drogas ;16
246337;17.527.259-3;Abierto;Tráfico de drogas ;16
759509;19.281.850-8;Abierto;Crimen organizado ;22
876000;19.281.850-8;Abierto;Crimen organizado ;22
343423;11.441.356-9;Abierto;Corrupción;24
203089;14.230.994-7;Abierto;Tráfico de drogas;7
362314;14.230.994-7;Abierto;Tráfico de drogas;7
576017;14.230.994-7;Abierto;Tráfico de drogas;7
550170;16.174.924-9;Abierto;Delitos sexuales;19
820207;16.174.924-9;Abierto;Delitos sexuales;19
158410;16.174.924-9;Abierto;Delitos sexuales;19
201823;19.330.945-3;Abierto;Delitos violentos;8
981108;12.870.798-0;Abierto;Responsabilidad penal adolescente ;9
561820;15.276.431-6;Abierto;Delitos económicos ;28
471295;16.624.282-7;Abierto;Violencia intrafamiliar ;4
838900;16.624.282-7;Abierto;Violencia intrafamiliar ;4
698211;18.638.630-2;Abierto;Delitos económicos ;25
242500;18.638.630-2;Abierto;Delitos económicos ;25
935310;19.433.985-2;Abierto;Corrupción ;3
320722;19.433.985-2;Abierto;Corrupción ;3
435848;19.433.985-2;Abierto;Corrupción ;3
159761;13.429.991-6;Abierto;Violencia intrafamiliar ;7
296600;13.429.991-6;Abierto;Violencia intrafamiliar ;7
688379;19.047.302-3;Abierto;Tráfico de drogas ;15
653500;19.047.302-3;Abierto;Tráfico de drogas ;15
798484;19.683.710-8;Abierto;Delitos violentos;2
134837;19.683.710-8;Abierto;Delitos violentos;2
865424;19.683.710-8;Abierto;Delitos violentos;2
